# component,variable,bucketfolder,artifactcontainer,artifact
pwebs,PWSusers,Secrets,,ADVQN1VPWBPOR06_Users.csv
pwebs,PWStoken,Secrets,,ADVQN1VPWBPOR06_Token.csv
pwebs,NDP462DevPack,msi,,NDP462-DevPack-KB3151934-ENU-1.0.exe
pwebs,vcredist,msi,,vc_redist.x64-1.1.exe
pwebs,AccessDatabaseEngine,msi,AccessDatabaseEngine-1.0.zip,*.exe
pwebs,msiadvlite,pws,msi_advlite-1.32.zip,
pwebs,WSWebConfig,pws,WS_WebConfig-1.19.zip,
pwebs,WSConfig,pws,WS_Config-1.22.zip,
pwebs,advisoryPwsCertificate,pws,advisoryPwsCertificate-1.0.zip,
pwebs,ISRazorEngine,pws,RazorEngine-1.0.zip,
pwebs,ISSystemWebRazor,pws,SystemWebRazor-1.0.zip,
#,,,,
iwebs,IWStoken,Secrets,,ADVQN1VPWBPOR10_Token.csv
iwebs,IWSusers,Secrets,,ADVQN1VPWBPOR10_Users.csv
iwebs,msitrunk,msi,msi_trunk-1.30.zip,
iwebs,NDP462DevPack,msi,,NDP462-DevPack-KB3151934-ENU-1.0.exe
iwebs,vcredist,msi,,vc_redist.x64-1.1.exe
iwebs,AccessDatabaseEngine,msi,AccessDatabaseEngine-1.0.zip,*.exe
iwebs,ISWebConfig,iws,IS_WebConfig-1.3.zip,
iwebs,ISConfig,iws,IS_Config-1.7.zip,
iwebs,FilewatcherConfig,iws,FilewatcherConfig-1.14.zip,
iwebs,FilewatcherUtilityConfig,iws,FilewatcherUtilityConfig-1.2.zip,
iwebs,ntrights,msi,msi_ntrights-1.0.zip,
iwebs,IWSdotnethosting,msi,,dotnet-hosting-3.1.4-win-1.0.exe,
iwebs,EDGAdminWebConfig,iws,EDGAdmin_WebConfig-1.8.zip,
iwebs,EDGAdminappSettings,iws,EDGAdmin_appSettings-1.2.zip,
iwebs,EDGBackgroundServiceWebconfig,iws,EDGBackgroundService_Webconfig-1.1.zip,
iwebs,NDP462DevPackDotNetCore,msi,,NDP472-KB4054530-x86-x64-AllOS-ENU-1.1.exe,
iwebs,EDGAdminViewWebConfig,iws,EDGAdmin_ViewWebConfig-1.0.zip,
iwebs,ISRazorEngine,iws,RazorEngine-1.0.zip,
iwebs,ISSystemWebRazor,iws,SystemWebRazor-1.0.zip,
iwebs,SystemDataSqlClient,iws,SystemDataSqlClient-1.0.zip,
#,,,,
event,EventUsers,Secrets,,ADVQN1VPAPEVT20_Users.csv
event,EventShares,Secrets,,ADVQN1VPAPEVT20_Shares.csv
event,EventToken,Secrets,,ADVQN1VPAPEVT20_Token.csv
event,ABCpdf,Event,,abcpdf10126.net64-1.5.exe
event,CredcoCertificate,Certificates,CredcoCertificate-1.0.zip,
event,MSIPackages,Event,MSIPackages-1.32.zip,
event,CoreApiPublishFolder,Event,CoreApiPublishFolder-1.2.zip,
event,EvtConfig,Event,Evt_Config-1.14.zip,
event,ServiceConfig,Event,Service_Config-1.18.zip,
event,EvtWebConfig,Event,Evt_WebConfig-1.5.zip,
event,RabbitMQEventService,Event,ADV.Setup.RabbitMQ.EventService-1.6.zip,
event,sqlserverconfig,Event,sqlserverconfig-1.3.zip,
event,rabbitmqwinsvcconfig,Event,rabbitmqwinsvcconfig-1.6.zip,
event,RabbitmqAppAndConnectionconfig,Event,RabbitmqAppAndConnectionconfig-1.2.zip,
event,rabbitmqconfig,Event,rabbitmqconfig-1.1.zip,
event,CoreApiWebConfig,Event,CoreApiWebConfig-1.0.zip,
event,CoreApiappSettings,Event,CoreApiappSettings-1.1.zip,
event,NDP462DevPack,msi,,NDP462-DevPack-KB3151934-ENU-1.0.exe
event,vcredist,msi,,vc_redist.x64-1.1.exe
event,AccessDatabaseEngine,msi,AccessDatabaseEngine-1.0.zip,*.exe
event,ntrights,msi,msi_ntrights-1.0.zip,
event,ISRazorEngine,Event,RazorEngine-1.0.zip,
event,ISSystemWebRazor,Event,SystemWebRazor-1.0.zip,
event,NDP462DevPackDotNetCore,msi,,NDP472-KB4054530-x86-x64-AllOS-ENU-1.1.exe,
event,Eventsdotnethosting,msi,,dotnet-hosting-3.1.4-win-1.0.exe,
#,,,,
filer,FilerUsers,Secrets,,ADVQN1VPFILAP02_Users.csv
filer,FilerShares,Secrets,,ADVQN1VPFILAP02_Shares.csv
#,,,,
edgfl,EdgUsers,Secrets,,ADVQN1VPFILAP01_Users.csv
edgfl,EdgShares,Secrets,,ADVQN1VPFILAP01_Shares.csv
#,,,,
wsftp,SFTPusers,Secrets,,ADVQN1VPAPFTP27_Users.csv
wsftp,SFTPshares,Secrets,,ADVQN1VPAPFTP27_Shares.csv
wsftp,advisoryFtpCertificate,SFTP,advisoryFtpCertificate-1.0.zip,ftp_advisoryhome_com_2020.pfx
wsftp,PostgresModule,SFTP,Install-Postgres.zip,
#,,,,
pws,PWSusers,Secrets,,ADVQN1VPWBPOR06_Users.csv
pws,PWStoken,Secrets,,ADVQN1VPWBPOR06_Token.csv
pws,NDP462DevPack,msi,,NDP462-DevPack-KB3151934-ENU-1.0.exe
pws,vcredist,msi,,vc_redist.x64-1.1.exe
pws,AccessDatabaseEngine,msi,AccessDatabaseEngine-1.0.zip,*.exe
pws,msiadvlite,pws,msi_advlite-1.32.zip,
pws,WSWebConfig,pws,WS_WebConfig-1.19.zip,
pws,WSConfig,pws,WS_Config-1.22.zip,
pws,advisoryPwsCertificate,pws,advisoryPwsCertificate-1.0.zip,
pws,ISRazorEngine,pws,RazorEngine-1.0.zip,
pws,ISSystemWebRazor,pws,SystemWebRazor-1.0.zip,
#,,,,
iws,IWStoken,Secrets,,ADVQN1VPWBPOR10_Token.csv
iws,IWSusers,Secrets,,ADVQN1VPWBPOR10_Users.csv
iws,msitrunk,msi,msi_trunk-1.30.zip,
iws,NDP462DevPack,msi,,NDP462-DevPack-KB3151934-ENU-1.0.exe
iws,vcredist,msi,,vc_redist.x64-1.1.exe
iws,AccessDatabaseEngine,msi,AccessDatabaseEngine-1.0.zip,*.exe
iws,ISWebConfig,iws,IS_WebConfig-1.3.zip,
iws,ISConfig,iws,IS_Config-1.7.zip,
iws,FilewatcherConfig,iws,FilewatcherConfig-1.14.zip,
iws,FilewatcherUtilityConfig,iws,FilewatcherUtilityConfig-1.2.zip,
iws,ntrights,msi,msi_ntrights-1.0.zip,
iws,IWSdotnethosting,msi,,dotnet-hosting-3.1.4-win-1.0.exe
iws,EDGAdminWebConfig,iws,EDGAdmin_WebConfig-1.8.zip,
iws,EDGAdminappSettings,iws,EDGAdmin_appSettings-1.2.zip,
iws,EDGBackgroundServiceWebconfig,iws,EDGBackgroundService_Webconfig-1.1.zip,
iws,NDP462DevPackDotNetCore,msi,,NDP472-KB4054530-x86-x64-AllOS-ENU-1.1.exe,
iws,EDGAdminViewWebConfig,iws,EDGAdmin_ViewWebConfig-1.0.zip,
iws,ISRazorEngine,iws,RazorEngine-1.0.zip,
iws,ISSystemWebRazor,iws,SystemWebRazor-1.0.zip,
iws,SystemDataSqlClient,iws,SystemDataSqlClient-1.0.zip,
#,,,,
evts,EventUsers,Secrets,,ADVQN1VPAPEVT20_Users.csv
evts,EventShares,Secrets,,ADVQN1VPAPEVT20_Shares.csv
evts,EventToken,Secrets,,ADVQN1VPAPEVT20_Token.csv
evts,ABCpdf,Event,,abcpdf10126.net64-1.5.exe
evts,CredcoCertificate,Certificates,CredcoCertificate-1.0.zip,
evts,MSIPackages,Event,MSIPackages-1.32.zip,
evts,CoreApiPublishFolder,Event,CoreApiPublishFolder-1.2.zip,
evts,EvtConfig,Event,Evt_Config-1.14.zip,
evts,ServiceConfig,Event,Service_Config-1.18.zip,
evts,EvtWebConfig,Event,Evt_WebConfig-1.5.zip,
evts,RabbitMQEventService,Event,ADV.Setup.RabbitMQ.EventService-1.6.zip,
evts,sqlserverconfig,Event,sqlserverconfig-1.3.zip,
evts,rabbitmqwinsvcconfig,Event,rabbitmqwinsvcconfig-1.6.zip,
evts,RabbitmqAppAndConnectionconfig,Event,RabbitmqAppAndConnectionconfig-1.2.zip,
evts,rabbitmqconfig,Event,rabbitmqconfig-1.1.zip,
evts,CoreApiWebConfig,Event,CoreApiWebConfig-1.0.zip,
evts,CoreApiappSettings,Event,CoreApiappSettings-1.1.zip,
evts,NDP462DevPack,msi,,NDP462-DevPack-KB3151934-ENU-1.0.exe
evts,vcredist,msi,,vc_redist.x64-1.1.exe
evts,AccessDatabaseEngine,msi,AccessDatabaseEngine-1.0.zip,*.exe
evts,ntrights,msi,msi_ntrights-1.0.zip,
evts,ISRazorEngine,Event,RazorEngine-1.0.zip,
evts,ISSystemWebRazor,Event,SystemWebRazor-1.0.zip,
evts,NDP462DevPackDotNetCore,msi,,NDP472-KB4054530-x86-x64-AllOS-ENU-1.1.exe,
evts,Eventsdotnethosting,msi,,dotnet-hosting-3.1.4-win-1.0.exe,
#,,,,
file,FilerUsers,Secrets,,ADVQN1VPFILAP02_Users.csv
file,FilerShares,Secrets,,ADVQN1VPFILAP02_Shares.csv
#,,,,
edgfile,EdgUsers,Secrets,,ADVQN1VPFILAP01_Users.csv
edgfile,EdgShares,Secrets,,ADVQN1VPFILAP01_Shares.csv
#,,,,
ftp,SFTPusers,Secrets,,ADVQN1VPAPFTP27_Users.csv
ftp,SFTPshares,Secrets,,ADVQN1VPAPFTP27_Shares.csv
ftp,advisoryFtpCertificate,SFTP,advisoryFtpCertificate-1.0.zip,ftp_advisoryhome_com_2020.pfx
ftp,PostgresModule,SFTP,Install-Postgres.zip,
