# group,name,version,path,extension
# PWS
prod.publicwebserver.certificate,advisoryPwsCertificate,1.0,pws,zip
prod.publicwebserver.package,msi_advlite,1.32,pws,zip
prod.publicwebserver.config,WS_Config,1.16,pws,zip
prod.publicwebserver.config,WS_WebConfig,1.22,pws,zip
helperDlls,RazorEngine,1.0,pws,zip
helperDlls,SystemWebRazor,1.0,pws,zip
# Event
prod.eventserver.package,ADV.Setup.RabbitMQ.EventService,1.6,Event,zip
prod.eventserver.package,CoreApiPublishFolder,1.2,Event,zip
prod.eventserver.config,Evt_Config,1.14,Event,zip
prod.eventserver.config,Evt_WebConfig,1.5,Event,zip
prod.eventserver.config,RabbitmqAppAndConnectionconfig,1.2,Event,zip
prod.eventserver.config,Service_Config,1.18,Event,zip
prod.eventserver.config,mssqlserverconfig,1.0,Event,zip
prod.eventserver.config,rabbitmqconfig,1.1,Event,zip
prod.eventserver.config,rabbitmqwinsvcconfig,1.6,Event,zip
prod.eventserver.config,sqlserverconfig,1.3,Event,zip
prod.eventserver.config,CoreApiWebConfig,1.0,Event,zip
prod.eventserver.config,CoreApiappSettings,1.1,Event,zip
thirdPartyComponent,abcpdf10126.net64,1.5,Event,exe
prod.package,MSIPackages,1.32,Event,zip
helperDlls,RazorEngine,1.0,Event,zip
helperDlls,SystemWebRazor,1.0,Event,zip
# IWS
prod.Internalwebserver.package,msi_trunk,1.30,msi,zip
prod.internalwebserver.config,FilewatcherConfig,1.14,iws,zip
prod.Internalwebserver.config,FilewatcherUtilityConfig,1.2,iws,zip
prod.Internalwebserver.config,IS_Config,1.7,iws,zip
prod.Internalwebserver.config,IS_WebConfig,1.3,iws,zip
prod.Internalwebserver.config,EDGAdmin_WebConfig,1.8,iws,zip
prod.Internalwebserver.config,EDGAdmin_appSettings,1.2,iws,zip
prod.Internalwebserver.config,EDGBackgroundService_Webconfig,1.1,iws,zip
prod.Internalwebserver.config,EDGAdmin_ViewWebConfig,1.0,iws,zip
helperDlls,RazorEngine,1.0,iws,zip
helperDlls,SystemWebRazor,1.0,iws,zip
helperDlls,SystemDataSqlClient,1.0,iws,zip
# Filer
prod.fileserver.template,Templates,1.0,Filer,zip
# SFTP
prod.ftp.certificate,advisoryFtpCertificate,1.0,SFTP,zip
# Other
prod.certificate,CredcoCertificate,1.0,Certificates_test,zip
microsoftcomponent,AccessDatabaseEngine,1.0,msi,zip
framework,NDP462-DevPack-KB3151934-ENU,1.0,msi,exe
microsoftcomponent,vc_redist.x64,1.1,msi,exe
windowscomponent,msi_ntrights,1.0,msi,zip
microsoftcomponent,dotnet-hosting-3.1.4-win,1.0,msi,exe
framework,NDP472-KB4054530-x86-x64-AllOS-ENU,1.1,msi,exe
